power_W,effective_CFM,ambient_C,ideal_mixed_air_C,method
45,2,25,65.20136553427167,"energy balance only, not PLA temperature"
45,2,35,75.20136553427167,"energy balance only, not PLA temperature"
45,3,25,51.80091035618112,"energy balance only, not PLA temperature"
45,3,35,61.80091035618112,"energy balance only, not PLA temperature"
45,5,25,41.08054621370867,"energy balance only, not PLA temperature"
45,5,35,51.08054621370867,"energy balance only, not PLA temperature"
45,7.5,25,35.72036414247245,"energy balance only, not PLA temperature"
45,7.5,35,45.72036414247245,"energy balance only, not PLA temperature"
45,10,25,33.040273106854336,"energy balance only, not PLA temperature"
45,10,35,43.040273106854336,"energy balance only, not PLA temperature"
45,15,25,30.360182071236224,"energy balance only, not PLA temperature"
45,15,35,40.360182071236224,"energy balance only, not PLA temperature"
75,2,25,92.0022758904528,"energy balance only, not PLA temperature"
75,2,35,102.0022758904528,"energy balance only, not PLA temperature"
75,3,25,69.66818392696854,"energy balance only, not PLA temperature"
75,3,35,79.66818392696854,"energy balance only, not PLA temperature"
75,5,25,51.80091035618112,"energy balance only, not PLA temperature"
75,5,35,61.80091035618112,"energy balance only, not PLA temperature"
75,7.5,25,42.86727357078742,"energy balance only, not PLA temperature"
75,7.5,35,52.86727357078742,"energy balance only, not PLA temperature"
75,10,25,38.40045517809056,"energy balance only, not PLA temperature"
75,10,35,48.40045517809056,"energy balance only, not PLA temperature"
75,15,25,33.93363678539371,"energy balance only, not PLA temperature"
75,15,35,43.93363678539371,"energy balance only, not PLA temperature"
90,2,25,105.40273106854336,"energy balance only, not PLA temperature"
90,2,35,115.40273106854336,"energy balance only, not PLA temperature"
90,3,25,78.60182071236224,"energy balance only, not PLA temperature"
90,3,35,88.60182071236224,"energy balance only, not PLA temperature"
90,5,25,57.161092427417344,"energy balance only, not PLA temperature"
90,5,35,67.16109242741734,"energy balance only, not PLA temperature"
90,7.5,25,46.440728284944896,"energy balance only, not PLA temperature"
90,7.5,35,56.440728284944896,"energy balance only, not PLA temperature"
90,10,25,41.08054621370867,"energy balance only, not PLA temperature"
90,10,35,51.08054621370867,"energy balance only, not PLA temperature"
90,15,25,35.72036414247245,"energy balance only, not PLA temperature"
90,15,35,45.72036414247245,"energy balance only, not PLA temperature"
