ambient_C,total_heat_W_assumed,effective_shared_flow_CFM_assumed,mixed_air_outlet_C_NOT_PLA_TEMP
25,45,2,65.20136553427167
25,45,5,41.08054621370867
25,45,10,33.040273106854336
25,45,15,30.360182071236224
25,75,2,92.0022758904528
25,75,5,51.80091035618112
25,75,10,38.40045517809056
25,75,15,33.93363678539371
25,90,2,105.40273106854336
25,90,5,57.161092427417344
25,90,10,41.08054621370867
25,90,15,35.72036414247245
35,45,2,75.20136553427167
35,45,5,51.08054621370867
35,45,10,43.040273106854336
35,45,15,40.360182071236224
35,75,2,102.0022758904528
35,75,5,61.80091035618112
35,75,10,48.40045517809056
35,75,15,43.93363678539371
35,90,2,115.40273106854336
35,90,5,67.16109242741734
35,90,10,51.08054621370867
35,90,15,45.72036414247245
